CorrectAnswer,AnswerTime,AverageTime
292,155.3,0.531849315
292,141.2,0.483561644
295,143.7,0.487118644
291,148.6,0.510652921
293,145.8,0.497610922
293,154.2,0.526279863
290,150.4,0.51862069
293,151.9,0.518430034
299,159.1,0.532107023
271,163.8,0.604428044
280,176.2,0.629285714
283,155.9,0.550883392
278,155.7,0.560071942
278,150.5,0.541366906
299,219.2,0.733110368
300,210.3,0.701
297,230.4,0.775757576
292,229.8,0.786986301
298,216.4,0.726174497
294,246.7,0.839115646
297,228.1,0.768013468
299,208.9,0.698662207
298,248.6,0.834228188
299,241.7,0.808361204
299,189.9,0.635117057
295,155.6,0.527457627
297,157.4,0.52996633
293,171.8,0.586348123
295,176.3,0.597627119
293,172.5,0.588737201
296,182.4,0.616216216
293,154.9,0.528668942
299,182,0.608695652
295,172.3,0.584067797
298,119.7,0.401677852
293,107.9,0.368259386
291,106.9,0.367353952
296,119.3,0.403040541
294,146.1,0.496938776
291,113.3,0.389347079
294,144.6,0.491836735
300,148,0.493333333
298,140.6,0.471812081
298,125.9,0.422483221
298,116.9,0.392281879
295,104.8,0.355254237
291,132.3,0.454639175
291,113.5,0.390034364
299,110.4,0.369230769
293,71.4,0.243686007
291,74.1,0.254639175
291,96.2,0.330584192
297,66.2,0.222895623
292,52,0.178082192
300,63.6,0.212
298,84.5,0.283557047
291,90.4,0.310652921
295,74.5,0.252542373
300,84.7,0.282333333
288,220.4,0.765277778
284,206.6,0.727464789
287,220.9,0.769686411
284,230.9,0.813028169
282,226,0.80141844
281,200.9,0.714946619
283,244.3,0.863250883
288,236.9,0.822569444
288,209.8,0.728472222
287,220.4,0.767944251
286,172.2,0.602097902
286,195.4,0.683216783
281,171.9,0.611743772
285,177.4,0.62245614
286,178.4,0.623776224
289,198.1,0.685467128
281,164.7,0.586120996
290,191.3,0.659655172
285,175.7,0.616491228
281,174.9,0.622419929
289,113.9,0.394117647
285,146.6,0.514385965
287,118.3,0.412195122
289,134.1,0.464013841
289,103.2,0.357093426
281,110.7,0.393950178
288,111,0.385416667
287,107.6,0.374912892
283,147.8,0.522261484
287,141.5,0.493031359
284,102.9,0.362323944
284,148.9,0.524295775
282,128.4,0.455319149
280,149.3,0.533214286
288,117.5,0.407986111
289,60.2,0.208304498
289,54,0.186851211
285,55.8,0.195789474
285,60.1,0.210877193
283,85.1,0.300706714
283,81.5,0.287985866
283,56,0.197879859
282,99.1,0.35141844
290,71,0.244827586
288,79.8,0.277083333
279,242.9,0.870609319
275,246.5,0.896363636
277,204.9,0.739711191
270,204,0.755555556
271,201.4,0.743173432
271,250.1,0.922878229
273,243.2,0.890842491
275,245.6,0.893090909
274,227.5,0.830291971
279,217.5,0.779569892
279,206.4,0.739784946
275,159.1,0.578545455
270,154.3,0.571481481
270,198.3,0.734444444
279,197.3,0.707168459
277,151.2,0.545848375
270,180.5,0.668518519
276,172.5,0.625
278,172.2,0.61942446
274,168.2,0.613868613
274,167.9,0.612773723
277,130.8,0.472202166
276,133.6,0.484057971
272,135.8,0.499264706
274,102.2,0.372992701
273,139.1,0.50952381
271,126.9,0.468265683
274,100.3,0.366058394
277,132.5,0.47833935
275,100.2,0.364363636
276,109.2,0.395652174
280,126.9,0.453214286
271,118.8,0.438376384
271,130.8,0.482656827
279,132.8,0.475985663
274,118.3,0.431751825
275,87.1,0.316727273
278,67.4,0.242446043
277,74.5,0.268953069
271,78.3,0.288929889
280,97.8,0.349285714
273,77.3,0.283150183
273,80.7,0.295604396
278,59.1,0.212589928
280,51.4,0.183571429
280,53.9,0.1925
273,76.4,0.27985348
275,85.9,0.312363636
274,83.9,0.30620438
280,82.9,0.296071429
275,53.8,0.195636364
264,214.2,0.811363636
263,215.9,0.820912548
261,201.2,0.770881226
261,222.5,0.852490421
265,219.5,0.828301887
260,151.6,0.583076923
264,187.5,0.710227273
265,168.3,0.63509434
262,167.4,0.638931298
267,169.8,0.635955056
266,114.1,0.428947368
265,127,0.479245283
261,108,0.413793103
264,112.2,0.425
263,129.3,0.491634981
260,91.6,0.352307692
269,137.1,0.509665428
266,119.3,0.448496241
264,119.4,0.452272727
268,131.4,0.490298507
261,138,0.528735632
264,120.3,0.455681818
269,96.4,0.358364312
263,98.2,0.37338403
267,115.1,0.431086142
267,59.6,0.223220974
263,87.5,0.33269962
260,59.9,0.230384615
263,63.6,0.241825095
265,78.8,0.297358491
260,62.4,0.24
261,60.8,0.232950192
268,67.9,0.253358209
262,67.4,0.257251908
260,73.1,0.281153846
265,65.3,0.246415094
261,79.6,0.304980843
264,46.3,0.175378788
260,70.5,0.271153846
264,66.4,0.251515152
266,100.7,0.378571429
269,111.9,0.41598513
260,128.7,0.495
268,79.3,0.295895522
265,110.5,0.416981132
262,98.4,0.375572519
268,118.3,0.44141791
262,83.8,0.319847328
270,121.8,0.451111111
265,114,0.430188679
257,158.6,0.617120623
251,165.4,0.658964143
255,154.7,0.606666667
250,172.5,0.69
257,138.1,0.537354086
260,138.4,0.532307692
252,130.2,0.516666667
254,141.2,0.555905512
255,122.1,0.478823529
252,132.5,0.525793651
257,85.1,0.331128405
251,72,0.28685259
253,109.1,0.431225296
254,87.1,0.342913386
255,80.6,0.316078431
254,81.3,0.32007874
251,82.4,0.328286853
257,103.2,0.40155642
254,83.3,0.327952756
254,85.9,0.338188976
252,51.4,0.203968254
257,46.2,0.179766537
259,79.6,0.307335907
260,75.4,0.29
250,54.1,0.2164
256,69,0.26953125
260,55.9,0.215
255,59.6,0.23372549
252,45.4,0.18015873
253,56.7,0.224110672
254,54.2,0.213385827
254,69.5,0.273622047
256,71.2,0.278125
251,62.4,0.248605578
260,53.8,0.206923077
256,75.6,0.2953125
253,112.4,0.444268775
250,105.9,0.4236
258,96.3,0.373255814
259,100.6,0.388416988
259,109.6,0.423166023
256,111.8,0.43671875
250,98.3,0.3932
254,87.8,0.345669291
254,70.6,0.277952756
257,105.4,0.410116732
252,104.2,0.413492063
256,109.8,0.42890625
252,99.2,0.393650794
256,187,0.73046875
254,71.4,0.281102362
241,172.9,0.717427386
248,181.2,0.730645161
242,175,0.723140496
243,164.5,0.676954733
245,162.1,0.661632653
247,153.4,0.621052632
241,153.1,0.63526971
241,169,0.701244813
241,126.6,0.525311203
244,139.4,0.571311475
242,149.5,0.617768595
240,128.5,0.535416667
246,124.6,0.506504065
248,116.9,0.471370968
248,100.3,0.404435484
244,115.2,0.472131148
241,109,0.452282158
245,111.4,0.454693878
250,58.4,0.2336
247,57.8,0.234008097
240,66.5,0.277083333
245,63.9,0.260816327
249,79.7,0.320080321
242,88.2,0.36446281
249,75.6,0.303614458
248,57.8,0.233064516
240,83.8,0.349166667
249,82,0.329317269
249,79.9,0.320883534
242,75.5,0.311983471
241,60.6,0.251452282
247,75.8,0.306882591
245,54.1,0.220816327
241,71.3,0.295850622
247,41.7,0.168825911
240,59.6,0.248333333
245,70.1,0.286122449
249,65.8,0.264257028
248,41.9,0.168951613
240,60.6,0.2525
245,52,0.212244898
244,52.4,0.214754098
243,60.3,0.248148148
248,41.8,0.168548387
246,42.3,0.17195122
244,45.3,0.185655738
243,49.8,0.204938272
242,66.6,0.275206612
239,141,0.589958159
232,131.3,0.565948276
234,134,0.572649573
233,131.4,0.563948498
237,149.1,0.629113924
236,121.1,0.513135593
233,135.6,0.581974249
237,129.8,0.547679325
235,120.4,0.512340426
235,144.9,0.616595745
231,99.2,0.429437229
238,114.6,0.481512605
230,95.7,0.416086957
238,104.6,0.439495798
232,119.9,0.516810345
234,94.8,0.405128205
240,93.5,0.389583333
232,97.3,0.419396552
233,90.4,0.387982833
235,114,0.485106383
230,63.7,0.276956522
240,80.9,0.337083333
233,70.5,0.302575107
234,61.4,0.262393162
233,73.7,0.316309013
237,94.6,0.399156118
239,66.1,0.276569038
235,72.8,0.309787234
231,82.1,0.355411255
232,74.9,0.322844828
238,68.3,0.28697479
236,97.9,0.414830508
230,102.6,0.446086957
236,96.7,0.409745763
233,78,0.334763948
237,44.2,0.18649789
236,58.7,0.248728814
238,42.9,0.180252101
233,58,0.248927039
239,52.3,0.218828452
231,59.5,0.257575758
236,44.1,0.186864407
230,45.1,0.196086957
231,45.9,0.198701299
232,52.3,0.225431034
233,55.3,0.237339056
236,53,0.224576271
231,41.6,0.18008658
238,55.2,0.231932773
231,47.4,0.205194805
230,99.8,0.433913043
223,107,0.479820628
220,92.4,0.42
228,109.8,0.481578947
228,106.5,0.467105263
223,93.2,0.41793722
225,116.9,0.519555556
223,95.9,0.430044843
225,101.7,0.452
229,93.7,0.409170306
224,99.5,0.444196429
221,104.7,0.473755656
222,100.7,0.453603604
229,91.2,0.398253275
223,100.3,0.449775785
229,95.9,0.418777293
225,99.2,0.440888889
224,119.8,0.534821429
224,107.4,0.479464286
224,109.6,0.489285714
220,98.2,0.446363636
225,77.1,0.342666667
227,86.4,0.38061674
220,96.4,0.438181818
223,60.7,0.272197309
221,73.8,0.333936652
221,78.5,0.35520362
226,79.2,0.350442478
222,83.2,0.374774775
222,73.9,0.332882883
225,75.5,0.335555556
228,71,0.311403509
226,95.2,0.421238938
228,82.9,0.363596491
226,95,0.420353982
224,58.1,0.259375
224,57.9,0.258482143
225,39.9,0.177333333
222,47.9,0.215765766
227,41.6,0.183259912
221,49.7,0.224886878
227,57,0.251101322
230,47,0.204347826
221,38.2,0.172850679
221,42.7,0.19321267
224,45,0.200892857
224,53.8,0.240178571
224,50.3,0.224553571
222,42.9,0.193243243
224,44.4,0.198214286
216,92.2,0.426851852
216,101.5,0.469907407
212,102.2,0.482075472
216,95.6,0.442592593
211,102.7,0.486729858
212,90.9,0.428773585
213,91.4,0.429107981
212,93.1,0.439150943
215,112.2,0.521860465
219,107.1,0.489041096
217,111.9,0.515668203
213,92.6,0.434741784
218,111.7,0.512385321
216,105.7,0.489351852
218,94.8,0.434862385
211,99.5,0.471563981
219,98.3,0.448858447
212,98.2,0.463207547
216,96.6,0.447222222
219,107.4,0.490410959
217,68.5,0.315668203
212,85.1,0.401415094
214,66,0.308411215
213,67,0.314553991
219,80.1,0.365753425
212,70.5,0.33254717
216,79.4,0.367592593
215,75.3,0.350232558
211,72.7,0.344549763
219,77.7,0.354794521
216,72.3,0.334722222
213,86.6,0.40657277
219,78.9,0.360273973
214,89.4,0.417757009
218,70.3,0.322477064
219,46.9,0.214155251
217,52.4,0.241474654
211,39.4,0.186729858
218,40.4,0.185321101
215,54.9,0.255348837
220,56.3,0.255909091
218,52.9,0.24266055
217,51.5,0.237327189
212,50.7,0.239150943
212,56.7,0.26745283
214,59.9,0.279906542
212,53.3,0.251415094
215,52.9,0.246046512
216,50.4,0.233333333
216,51.2,0.237037037
201,51.1,0.254228856
206,64.6,0.313592233
208,63.4,0.304807692
204,56.9,0.278921569
205,59.1,0.288292683
202,84.9,0.42029703
207,82.5,0.398550725
210,66.8,0.318095238
205,82.3,0.401463415
201,65.3,0.324875622
264,163.7,0.620075758
259,164.7,0.635907336
261,162.6,0.622988506
264,171.4,0.649242424
259,174.9,0.675289575
260,141.3,0.543461538
266,143.8,0.540601504
255,147.1,0.576862745
264,148.1,0.560984848
259,148.9,0.574903475
274,187.4,0.683941606
274,178.4,0.651094891
274,170.2,0.621167883
273,173.8,0.636630037
278,185.9,0.668705036
226,132.4,0.585840708
229,122.1,0.533187773
222,120.8,0.544144144
225,121.2,0.538666667
226,125.2,0.553982301
222,126.3,0.568918919
223,137.1,0.614798206
228,132.1,0.579385965
221,127.8,0.578280543
227,131.9,0.581057269
230,155.4,0.675652174
231,157.8,0.683116883
226,152.9,0.676548673
227,157.8,0.695154185
232,150.7,0.649568966
226,156.1,0.690707965
235,152.9,0.650638298
228,158.2,0.693859649
230,153,0.665217391
228,155.8,0.683333333
228,151.7,0.665350877
219,105.9,0.483561644
214,126.7,0.592056075
211,125.8,0.596208531
207,94.2,0.455072464
206,103.2,0.500970874
219,113.4,0.517808219
210,118.1,0.562380952
209,114.5,0.54784689
219,122.2,0.557990868
206,106,0.514563107
208,109.9,0.528365385
220,109.8,0.499090909
219,117.6,0.536986301
207,118,0.570048309
220,97.2,0.441818182
205,98.5,0.480487805
210,126.8,0.603809524
214,93.9,0.438785047
210,126.7,0.603333333
206,120.2,0.583495146
211,154.7,0.733175355
220,141.3,0.642272727
224,158.9,0.709375
222,167.9,0.756306306
224,153.1,0.683482143
220,158.2,0.719090909
219,156.3,0.71369863
219,148,0.675799087
220,150.3,0.683181818
218,144.1,0.661009174
230,137.5,0.597826087
225,141.9,0.630666667
228,146.3,0.641666667
223,146.8,0.658295964
225,138.5,0.615555556
252,177.2,0.703174603
236,175.5,0.743644068
242,195.9,0.809504132
251,165.7,0.660159363
232,167.7,0.722844828
235,192.8,0.820425532
235,173.1,0.736595745
241,196.3,0.814522822
228,160.7,0.704824561
234,174.8,0.747008547
246,179.4,0.729268293
258,183.1,0.709689922
237,173,0.729957806
256,186.3,0.727734375
244,169.3,0.693852459
246,197.5,0.802845528
260,208.7,0.802692308
260,203.4,0.782307692
264,206.8,0.783333333
248,191.6,0.772580645
248,189.2,0.762903226
263,202.5,0.769961977
246,186.9,0.759756098
262,197.4,0.753435115
253,200.4,0.792094862
268,208.8,0.779104478
265,193.9,0.731698113
258,193.2,0.748837209
252,193.8,0.769047619
246,206.1,0.837804878
269,190.5,0.708178439
255,207.7,0.814509804
270,201.5,0.746296296
256,191.6,0.7484375
258,204.9,0.794186047
279,205.5,0.73655914
289,216.8,0.75017301
290,220.4,0.76
288,207.6,0.720833333
288,211.2,0.733333333
284,212.2,0.747183099
278,223.4,0.803597122
288,218.2,0.757638889
284,223.4,0.786619718
282,233.4,0.827659574
201,70.8,0.352238806
202,69,0.341584158
204,73.9,0.362254902
206,76.3,0.37038835
201,75.3,0.374626866
206,68.4,0.332038835
205,73.1,0.356585366
201,74,0.368159204
207,76,0.367149758
206,75.8,0.367961165
274,102.8,0.375182482
291,140.6,0.483161512
283,115.4,0.407773852
284,90.3,0.317957746
273,133.5,0.489010989
280,89.7,0.320357143
283,64,0.22614841
283,118.8,0.419787986
285,95.1,0.333684211
291,122.5,0.420962199
99,242.1,2.445454545
93,230.1,2.474193548
92,239.7,2.605434783
94,248.2,2.640425532
91,249,2.736263736
95,245.9,2.588421053
96,239.7,2.496875
97,248.6,2.562886598
92,241.8,2.62826087
93,261.5,2.811827957
93,250,2.688172043
87,257.3,2.957471264
85,268.5,3.158823529
85,253.8,2.985882353
94,264.7,2.815957447
90,253.2,2.813333333
95,251.3,2.645263158
93,266.2,2.862365591
85,263.6,3.101176471
95,289.3,3.045263158
99,279.5,2.823232323
97,278.9,2.875257732
97,281.8,2.905154639
100,270.9,2.709
99,271.3,2.74040404
96,282.2,2.939583333
99,287.4,2.903030303
99,274.9,2.776767677
97,282.9,2.916494845
21,143.4,6.828571429
28,141.4,5.05
26,149.8,5.761538462
28,146.6,5.235714286
21,146.1,6.957142857
38,156.2,4.110526316
34,155.8,4.582352941
36,152.4,4.233333333
33,159.4,4.83030303
33,158.4,4.8
40,168.9,4.2225
48,168.5,3.510416667
47,169.1,3.59787234
47,167.4,3.561702128
46,161.4,3.508695652
75,277.3,3.697333333
65,275.6,4.24
78,278.5,3.570512821
68,271.2,3.988235294
63,268,4.253968254
83,273.8,3.298795181
87,287.6,3.305747126
81,285.7,3.527160494
89,272.4,3.060674157
81,283.7,3.502469136
82,290.8,3.546341463
88,284.3,3.230681818
86,291.5,3.389534884
83,282.7,3.406024096
86,291.9,3.394186047
84,287.4,3.421428571
82,287.8,3.509756098
86,274.1,3.187209302
88,288.3,3.276136364
83,288.8,3.479518072
84,281,3.345238095
82,283.2,3.453658537
82,284.6,3.470731707
84,285.7,3.401190476
85,293.3,3.450588235
88,266.4,3.027272727
82,269.8,3.290243902
84,268.4,3.195238095
88,251.4,2.856818182
89,266,2.988764045
83,265.4,3.197590361
81,250.9,3.097530864
86,263.9,3.068604651
85,250.9,2.951764706
88,267.3,3.0375
80,268.1,3.35125
89,257.4,2.892134831
88,251.3,2.855681818
88,266.9,3.032954545
88,264.1,3.001136364
85,233.9,2.751764706
90,227.1,2.523333333
83,246.9,2.974698795
86,239.9,2.789534884
90,246.1,2.734444444
87,240.1,2.759770115
87,245.4,2.820689655
90,245.7,2.73
85,227.4,2.675294118
86,241.6,2.809302326
89,220.8,2.480898876
81,203.4,2.511111111
84,206.1,2.453571429
82,215.9,2.632926829
81,220.3,2.719753086
70,293.4,4.191428571
74,273,3.689189189
70,270.8,3.868571429
77,288.5,3.746753247
72,282,3.916666667
79,292,3.696202532
80,275.6,3.445
78,283,3.628205128
78,278.1,3.565384615
70,285.3,4.075714286
73,272,3.726027397
78,283.8,3.638461538
77,281.6,3.657142857
70,283.3,4.047142857
77,276.9,3.596103896
76,263.7,3.469736842
80,265.3,3.31625
77,255.3,3.315584416
77,269.1,3.494805195
79,252.4,3.194936709
74,251.1,3.393243243
73,265.2,3.632876712
70,252.6,3.608571429
78,255.4,3.274358974
70,257.7,3.681428571
78,264,3.384615385
79,265.4,3.359493671
75,256.9,3.425333333
78,257.8,3.305128205
77,262.5,3.409090909
79,234.8,2.972151899
78,234.9,3.011538462
74,226.6,3.062162162
78,229.9,2.947435897
74,249.8,3.375675676
72,248.9,3.456944444
74,248.3,3.355405405
79,248.1,3.140506329
78,247.3,3.170512821
80,234.2,2.9275
75,200.9,2.678666667
79,205.6,2.602531646
78,208.1,2.667948718
77,217.7,2.827272727
75,222,2.96
78,221.9,2.844871795
71,210.9,2.970422535
78,212.2,2.720512821
77,217,2.818181818
72,203.1,2.820833333
64,283.2,4.425
64,282.6,4.415625
66,282.4,4.278787879
63,275.7,4.376190476
65,280.9,4.321538462
69,289,4.188405797
62,277.6,4.477419355
62,284.6,4.590322581
65,276.7,4.256923077
62,283.4,4.570967742
68,256.5,3.772058824
61,269.8,4.42295082
63,254.8,4.044444444
70,257.8,3.682857143
65,257.9,3.967692308
67,261.6,3.904477612
66,256.9,3.892424242
61,255.6,4.190163934
70,258,3.685714286
63,263.8,4.187301587
68,256.7,3.775
61,251.3,4.119672131
69,251.7,3.647826087
60,266.2,4.436666667
64,270,4.21875
61,242.5,3.975409836
64,246.5,3.8515625
69,240.8,3.489855072
70,246.9,3.527142857
70,226.2,3.231428571
65,232.8,3.581538462
61,243.9,3.998360656
68,226,3.323529412
68,235.3,3.460294118
63,241,3.825396825
61,220.7,3.618032787
68,202.5,2.977941176
66,208.2,3.154545455
64,224.2,3.503125
65,224.9,3.46
61,206.5,3.385245902
62,203.5,3.282258065
65,223.3,3.435384615
62,208.8,3.367741935
67,205.6,3.068656716
65,187.7,2.887692308
68,199.9,2.939705882
70,187.7,2.681428571
64,181.5,2.8359375
67,190.8,2.847761194
58,269.9,4.653448276
57,281.5,4.938596491
57,265.5,4.657894737
59,268.3,4.547457627
59,274.1,4.645762712
50,265.8,5.316
51,278.7,5.464705882
53,271.8,5.128301887
56,282,5.035714286
58,281.2,4.848275862
58,253.8,4.375862069
53,260.5,4.91509434
50,253.9,5.078
54,262.1,4.853703704
52,264.1,5.078846154
50,252.7,5.054
53,254.3,4.798113208
57,254.8,4.470175439
52,259,4.980769231
50,259.3,5.186
50,230.2,4.604
51,247.9,4.860784314
55,246.2,4.476363636
55,242,4.4
52,241.5,4.644230769
53,238.3,4.496226415
55,230.6,4.192727273
57,244.2,4.284210526
60,231,3.85
60,233.1,3.885
52,242.5,4.663461538
57,233.3,4.092982456
59,245.4,4.159322034
55,231.1,4.201818182
60,245.5,4.091666667
57,211.1,3.703508772
54,211.4,3.914814815
59,221.4,3.752542373
60,201.4,3.356666667
54,221,4.092592593
53,201.6,3.803773585
55,221.3,4.023636364
59,206.2,3.494915254
58,215.1,3.70862069
52,218.9,4.209615385
51,189.6,3.717647059
51,195.1,3.825490196
50,182.6,3.652
55,182.9,3.325454545
52,194.2,3.734615385
49,267.4,5.457142857
42,272.7,6.492857143
44,284,6.454545455
42,277.9,6.616666667
46,276,6
47,256.5,5.457446809
41,262.8,6.409756098
49,252.8,5.159183673
45,261.6,5.813333333
42,257,6.119047619
49,259.3,5.291836735
44,252.6,5.740909091
44,262.4,5.963636364
40,250.8,6.27
46,264,5.739130435
46,244.6,5.317391304
48,248,5.166666667
43,240.8,5.6
49,247.4,5.048979592
42,236,5.619047619
45,225.3,5.006666667
50,242.6,4.852
49,248.7,5.075510204
46,229.4,4.986956522
48,245.4,5.1125
45,205,4.555555556
45,208.3,4.628888889
47,223,4.744680851
40,217.8,5.445
46,212.9,4.62826087
46,221,4.804347826
43,210.3,4.890697674
43,223.2,5.190697674
43,223,5.186046512
45,224.1,4.98
48,212.5,4.427083333
42,206,4.904761905
47,210,4.468085106
49,206.7,4.218367347
43,203.9,4.741860465
47,193.1,4.108510638
44,182.2,4.140909091
44,193.1,4.388636364
46,198.2,4.308695652
46,181.7,3.95
41,176.7,4.309756098
41,172.9,4.217073171
40,178.8,4.47
44,172.5,3.920454545
49,174.9,3.569387755
38,265.3,6.981578947
37,255.5,6.905405405
31,263.5,8.5
37,279.5,7.554054054
33,256.3,7.766666667
35,243.8,6.965714286
40,244.1,6.1025
32,242.2,7.56875
34,248.1,7.297058824
39,242.2,6.21025641
31,234.3,7.558064516
32,246.3,7.696875
33,236.4,7.163636364
37,244.5,6.608108108
39,225.7,5.787179487
37,234.4,6.335135135
39,236.4,6.061538462
39,242.5,6.217948718
35,233.9,6.682857143
39,238.9,6.125641026
36,201.4,5.594444444
39,221.3,5.674358974
39,200.4,5.138461538
33,218.1,6.609090909
35,217.4,6.211428571
30,212.9,7.096666667
40,202.3,5.0575
33,205.8,6.236363636
35,207.1,5.917142857
38,223.3,5.876315789
37,205,5.540540541
40,214.2,5.355
35,205.7,5.877142857
39,220.7,5.658974359
31,212,6.838709677
38,184.5,4.855263158
31,190.8,6.15483871
37,185.2,5.005405405
38,180.8,4.757894737
33,186.9,5.663636364
35,198.9,5.682857143
35,190.6,5.445714286
36,192.9,5.358333333
37,194.1,5.245945946
33,189.6,5.745454545
32,171.8,5.36875
38,172.2,4.531578947
38,170.6,4.489473684
33,167.8,5.084848485
39,166,4.256410256
25,257.6,10.304
24,257.5,10.72916667
27,259.1,9.596296296
23,255.6,11.11304348
24,248.6,10.35833333
27,235.2,8.711111111
28,230.6,8.235714286
27,227.6,8.42962963
23,236.4,10.27826087
28,228.9,8.175
22,226.2,10.28181818
27,229.2,8.488888889
23,230.6,10.02608696
27,226,8.37037037
25,231.6,9.264
25,203.8,8.152
29,214.3,7.389655172
23,206.6,8.982608696
26,217.6,8.369230769
26,205,7.884615385
29,221.3,7.631034483
21,215.8,10.27619048
26,222.4,8.553846154
29,216.7,7.472413793
24,215.3,8.970833333
20,181.2,9.06
26,199.4,7.669230769
29,186.2,6.420689655
27,194,7.185185185
27,183.3,6.788888889
26,197.6,7.6
22,189.1,8.595454545
24,191.8,7.991666667
25,195.1,7.804
21,194.3,9.252380952
30,187.8,6.26
25,182.2,7.288
30,186.8,6.226666667
26,194.6,7.484615385
20,195.9,9.795
24,167.6,6.983333333
25,174.9,6.996
29,175,6.034482759
30,173.9,5.796666667
22,172.6,7.845454545
22,156.1,7.095454545
21,154.1,7.338095238
20,157.7,7.885
25,157.6,6.304
24,155.7,6.4875
15,243.8,16.25333333
19,235.7,12.40526316
13,240.3,18.48461538
11,235.7,21.42727273
13,242.7,18.66923077
10,216.4,21.64
18,224.4,12.46666667
11,223.7,20.33636364
15,208.6,13.90666667
12,208.7,17.39166667
18,182.4,10.13333333
13,181.7,13.97692308
18,188,10.44444444
17,198.4,11.67058824
18,186.7,10.37222222
17,181.3,10.66470588
11,185.3,16.84545455
18,180.1,10.00555556
20,189.5,9.475
18,190,10.55555556
11,178,16.18181818
17,174.9,10.28823529
18,177.2,9.844444444
15,161,10.73333333
19,163.2,8.589473684
19,164.8,8.673684211
14,162.7,11.62142857
13,179,13.76923077
20,178.7,8.935
18,161.1,8.95
12,146.7,12.225
17,141.8,8.341176471
15,149,9.933333333
11,141.6,12.87272727
12,149.5,12.45833333
15,140.8,9.386666667
14,156,11.14285714
16,146.6,9.1625
12,149.1,12.425
20,144.7,7.235
15,124,8.266666667
18,136.9,7.605555556
16,126.7,7.91875
16,125.4,7.8375
20,131.9,6.595
14,180,12.85714286
17,168.2,9.894117647
20,179.1,8.955
14,171,12.21428571
11,173.8,15.8
2,225.2,112.6
4,233.5,58.375
1,220.7,220.7
4,205.1,51.275
7,201.4,28.77142857
4,205.3,51.325
9,187.7,20.85555556
4,185.1,46.275
7,188.3,26.9
0,194.7,0
10,184,18.4
2,178.7,89.35
2,176.2,88.1
7,174.1,24.87142857
5,170.2,34.04
8,174.3,21.7875
7,152.9,21.84285714
0,147.2,0
4,140,35
7,146.2,20.88571429
6,146.1,24.35
9,141.1,15.67777778
4,147.5,36.875
9,151.3,16.81111111
2,153.8,76.9
10,144.4,14.44
1,124.4,124.4
5,123,24.6
3,138.2,46.06666667
6,133.6,22.26666667
1,120.6,120.6
4,121,30.25
4,135.1,33.775
9,127.5,14.16666667
1,139.1,139.1
1,121.8,121.8
6,118.8,19.8
4,110.5,27.625
9,109.5,12.16666667
6,106.9,17.81666667
5,108.6,21.72
6,116.4,19.4
7,107,15.28571429
6,118.3,19.71666667
8,116.6,14.575
9,115.9,12.87777778
7,96.2,13.74285714
9,99.5,11.05555556
2,95.1,47.55
2,98.3,49.15
12,100.8,8.4
27,101.8,3.77037037
15,137.9,9.193333333
20,112.3,5.615
35,102.3,2.922857143
20,114.8,5.74
19,120.5,6.342105263
25,116.1,4.644
32,113.4,3.54375
21,137,6.523809524
31,132.1,4.261290323
33,112.1,3.396969697
34,126,3.705882353
26,113.4,4.361538462
13,107,8.230769231
19,123.4,6.494736842
19,102.2,5.378947368
26,112.8,4.338461538
15,122.1,8.14
34,141.1,4.15
47,143.8,3.059574468
38,123.1,3.239473684
42,124.6,2.966666667
48,131.4,2.7375
44,136.8,3.109090909
49,153,3.12244898
50,146.2,2.924
48,120.7,2.514583333
48,144.6,3.0125
40,145.3,3.6325
41,121.1,2.953658537
45,135.2,3.004444444
49,142.1,2.9
38,131.8,3.468421053
44,140.6,3.195454545
46,128.8,2.8
40,124.3,3.1075
49,120.3,2.455102041
47,129.3,2.75106383
41,149.3,3.641463415
51,173.8,3.407843137
53,168.7,3.183018868
49,170.9,3.487755102
59,156.6,2.654237288
54,155.8,2.885185185
51,155.3,3.045098039
59,162.9,2.761016949
52,162.2,3.119230769
56,164.5,2.9375
56,159.5,2.848214286
61,194.5,3.18852459
61,176.8,2.898360656
73,180.9,2.478082192
63,175,2.777777778
60,172.9,2.881666667
70,184.1,2.63
57,171.1,3.001754386
63,174.2,2.765079365
71,170.6,2.402816901
67,170.1,2.53880597
74,178.1,2.406756757
55,190.4,3.461818182
66,174.4,2.642424242
59,191.9,3.252542373
59,177.5,3.008474576
68,180.9,2.660294118
59,173.5,2.940677966
59,192,3.254237288
63,178.3,2.83015873
75,177.3,2.364
99,298.6,3.016161616
98,296.6,3.026530612
83,298.6,3.597590361
85,296.4,3.487058824
99,297.9,3.009090909
91,295.9,3.251648352
99,299.9,3.029292929
91,300,3.296703297
91,299.3,3.289010989
83,295.2,3.556626506
100,267.6,2.676
97,259.6,2.67628866
99,258.9,2.615151515
95,263.9,2.777894737
96,265,2.760416667
99,253.7,2.562626263
97,260.9,2.689690722
99,265.3,2.67979798
96,261.8,2.727083333
96,262,2.729166667
24,125.2,5.216666667
28,127.3,4.546428571
29,132.6,4.572413793
23,127.3,5.534782609
22,130.9,5.95
7,159.7,22.81428571
65,218.4,3.36
64,212.8,3.325
72,240.3,3.3375
77,235,3.051948052
9,195,21.66666667
196,282.6,1.441836735
198,279.2,1.41010101
196,266.9,1.361734694
195,288,1.476923077
192,260.6,1.357291667
198,276.5,1.396464646
192,281.7,1.4671875
191,268.4,1.405235602
191,293.6,1.537172775
199,287.2,1.44321608
189,267.8,1.416931217
188,290.6,1.545744681
184,257.6,1.4
188,272.4,1.44893617
184,275.2,1.495652174
188,273.6,1.455319149
190,292.6,1.54
188,272.3,1.448404255
182,298.9,1.642307692
181,290.5,1.604972376
186,246.2,1.323655914
182,247,1.357142857
188,233.8,1.243617021
186,236.1,1.269354839
181,222.8,1.230939227
187,238,1.272727273
186,228.7,1.229569892
182,222.5,1.222527473
185,226.3,1.223243243
187,237.1,1.267914439
186,216.2,1.162365591
181,211.9,1.170718232
186,215.4,1.158064516
188,215.7,1.147340426
187,213.6,1.142245989
187,244.4,1.306951872
188,256,1.361702128
188,251.2,1.336170213
189,242.3,1.282010582
185,265.9,1.437297297
172,290.9,1.69127907
170,299.3,1.760588235
171,293.7,1.71754386
180,293.7,1.631666667
171,298.6,1.74619883
175,260.2,1.486857143
175,252.1,1.440571429
172,264.9,1.540116279
178,267.7,1.503932584
175,269.2,1.538285714
178,212.3,1.192696629
173,228.6,1.321387283
174,205.4,1.18045977
173,243,1.404624277
180,230.1,1.278333333
174,218.7,1.256896552
173,241.5,1.395953757
174,242.5,1.393678161
179,236.7,1.322346369
171,214.1,1.252046784
171,247.9,1.449707602
171,244.7,1.430994152
172,236.3,1.373837209
177,244.7,1.382485876
174,249.3,1.432758621
176,276.5,1.571022727
171,287.5,1.68128655
187,279.7,1.495721925
173,282.6,1.633526012
174,275.4,1.582758621
178,271.5,1.525280899
185,289.3,1.563783784
181,272.2,1.503867403
173,273.2,1.579190751
188,288.6,1.535106383
172,175.1,1.018023256
175,189.1,1.080571429
171,172.6,1.009356725
178,191.4,1.075280899
178,191.6,1.076404494
177,182.5,1.031073446
172,194.6,1.131395349
179,174.2,0.973184358
176,172.9,0.982386364
174,175.7,1.009770115
175,162.5,0.928571429
174,166,0.954022989
178,162.5,0.912921348
174,166.1,0.954597701
174,167.4,0.962068966
169,280.7,1.660946746
168,268.6,1.598809524
161,272.9,1.695031056
163,263.7,1.617791411
162,265.9,1.641358025
165,246.1,1.491515152
167,238,1.425149701
162,248.8,1.535802469
161,240.8,1.495652174
165,227.7,1.38
168,221.1,1.316071429
164,237.1,1.445731707
169,231.6,1.370414201
161,232.2,1.442236025
161,245,1.52173913
161,244,1.51552795
165,242,1.466666667
167,238.7,1.429341317
165,228.1,1.382424242
160,245.5,1.534375
162,203.7,1.257407407
165,217.9,1.320606061
169,220,1.301775148
166,213.1,1.28373494
162,218.4,1.348148148
162,218.8,1.350617284
164,206.2,1.257317073
164,219.2,1.336585366
169,212.2,1.255621302
160,217.8,1.36125
165,179.1,1.085454545
161,150.8,0.936645963
165,150.5,0.912121212
168,180.1,1.07202381
163,172.1,1.055828221
161,169.8,1.054658385
166,197.4,1.189156627
164,197,1.201219512
163,184.4,1.131288344
166,181.4,1.092771084
165,158.3,0.959393939
166,169.4,1.020481928
166,173,1.042168675
162,192.5,1.188271605
165,188.3,1.141212121
170,141.6,0.832941176
167,144.3,0.864071856
163,144.1,0.88404908
160,149.9,0.936875
167,147.7,0.884431138
163,110.5,0.67791411
165,126.6,0.767272727
168,128.4,0.764285714
156,276,1.769230769
157,261.2,1.663694268
157,264.6,1.685350318
159,244.1,1.535220126
156,241.9,1.550641026
154,242.8,1.576623377
151,248.3,1.644370861
158,258.9,1.638607595
151,252.8,1.674172185
151,249.4,1.651655629
152,229.2,1.507894737
156,215.7,1.382692308
159,213.8,1.344654088
152,201.3,1.324342105
156,220.1,1.410897436
158,230.3,1.457594937
157,208.1,1.325477707
160,227.3,1.420625
154,236.7,1.537012987
153,238.3,1.55751634
151,198.6,1.315231788
157,186.3,1.186624204
158,153.8,0.973417722
154,169.1,1.098051948
153,167.8,1.096732026
152,157.5,1.036184211
160,179.1,1.119375
152,193.8,1.275
160,175.9,1.099375
157,193.3,1.231210191
151,150.9,0.999337748
157,174.6,1.112101911
153,189.8,1.240522876
152,188.5,1.240131579
152,179.8,1.182894737
160,116.6,0.72875
159,133.8,0.841509434
153,102,0.666666667
151,107.7,0.713245033
154,127.7,0.829220779
157,124.9,0.795541401
159,148.7,0.935220126
155,144.1,0.929677419
154,143.9,0.934415584
153,114.9,0.750980392
157,146.2,0.931210191
158,134.6,0.851898734
159,140.2,0.881761006
151,129.8,0.859602649
160,109.5,0.684375
158,123.1,0.779113924
159,128.5,0.808176101
159,149.4,0.939622642
151,133,0.880794702
156,141.1,0.904487179
156,143.2,0.917948718
154,123.9,0.804545455
159,130.6,0.821383648
157,136,0.866242038
151,108.7,0.71986755
153,122.4,0.8
158,149.3,0.944936709
157,115.6,0.736305732
153,142.1,0.92875817
154,107.2,0.696103896
170,193.9,1.140588235
176,161,0.914772727
171,165.3,0.966666667
178,192.9,1.083707865
177,176.7,0.998305085
180,174.2,0.967777778
174,189.9,1.09137931
173,166.9,0.964739884
171,173.1,1.012280702
176,168,0.954545455
171,171.1,1.000584795
177,151.5,0.855932203
179,173.2,0.967597765
176,176,1
172,169.4,0.984883721
190,171,0.9
182,194.9,1.070879121
180,191.9,1.066111111
181,174.1,0.961878453
189,186.5,0.986772487
184,189.8,1.031521739
187,190.5,1.018716578
180,174.5,0.969444444
188,198.4,1.055319149
190,197.5,1.039473684
195,187.3,0.960512821
195,199.1,1.021025641
195,204.7,1.04974359
190,190.7,1.003684211
197,201.1,1.020812183
188,215.7,1.147340426
184,203.1,1.103804348
187,203,1.085561497
188,203.1,1.080319149
187,216.1,1.155614973
175,134.5,0.768571429
173,168.7,0.975144509
176,161.2,0.915909091
173,126,0.728323699
178,130.8,0.734831461
154,205.3,1.333116883
153,200.3,1.309150327
141,186.6,1.323404255
147,192.2,1.307482993
145,183.4,1.264827586
145,195.2,1.346206897
142,179.4,1.263380282
142,182.3,1.283802817
149,189.7,1.273154362
142,171.8,1.209859155
146,198.3,1.358219178
143,178.2,1.246153846
143,168.9,1.181118881
149,166.8,1.119463087
144,167.2,1.161111111
147,169.5,1.153061224
149,163.9,1.1
145,169.2,1.166896552
144,153.5,1.065972222
150,164.4,1.096
141,160.4,1.137588652
149,153.9,1.032885906
141,163.2,1.157446809
143,163.9,1.146153846
149,169.4,1.136912752
146,154,1.054794521
145,153.8,1.060689655
145,143.4,0.988965517
142,135.4,0.953521127
148,137.2,0.927027027
141,130.6,0.926241135
148,140.6,0.95
148,144.2,0.974324324
145,146.9,1.013103448
141,149.1,1.057446809
147,145.5,0.989795918
149,148,0.993288591
144,142.9,0.992361111
148,132.9,0.897972973
143,137.6,0.962237762
149,139.4,0.93557047
142,145.5,1.024647887
140,117.5,0.839285714
140,121.4,0.867142857
145,100.8,0.695172414
147,106.5,0.724489796
150,103,0.686666667
149,108.4,0.727516779
144,116.3,0.807638889
147,121.2,0.824489796
144,128.8,0.894444444
150,112.9,0.752666667
133,171.2,1.287218045
137,181.4,1.324087591
137,192.2,1.402919708
139,191.5,1.377697842
135,190.6,1.411851852
136,192.8,1.417647059
135,191.7,1.42
134,197.6,1.474626866
139,192.4,1.384172662
137,195.1,1.424087591
136,153.9,1.131617647
133,168.1,1.263909774
138,160.9,1.165942029
138,159.1,1.152898551
134,157.6,1.176119403
132,157.3,1.191666667
138,152.9,1.107971014
136,150.6,1.107352941
134,164,1.223880597
139,163.6,1.176978417
138,151.5,1.097826087
138,150.8,1.092753623
133,152.4,1.145864662
133,159.6,1.2
138,150.1,1.087681159
135,145.6,1.078518519
130,130.5,1.003846154
138,130.2,0.943478261
134,143.7,1.07238806
136,130.7,0.961029412
136,135,0.992647059
138,148.8,1.07826087
134,137.9,1.029104478
132,133.4,1.010606061
134,141.8,1.058208955
133,137.5,1.033834586
136,138.7,1.019852941
134,136.4,1.017910448
140,141.8,1.012857143
138,146.9,1.064492754
132,105.1,0.796212121
140,105.3,0.752142857
131,109.8,0.838167939
138,115.6,0.837681159
134,119,0.888059701
132,108.8,0.824242424
139,112.6,0.810071942
139,127,0.913669065
138,104.8,0.75942029
139,113.6,0.817266187
124,178.9,1.442741935
126,163,1.293650794
120,170.5,1.420833333
127,172.9,1.361417323
129,175.8,1.362790698
126,172.7,1.370634921
122,172.9,1.417213115
128,172.7,1.34921875
124,173.5,1.399193548
129,162.1,1.256589147
125,153.5,1.228
122,147.9,1.212295082
128,140.8,1.1
127,151.9,1.196062992
121,142.6,1.178512397
124,153.1,1.234677419
129,144.2,1.117829457
124,141.5,1.141129032
128,155.5,1.21484375
130,151.7,1.166923077
127,142.6,1.122834646
128,154.8,1.209375
125,149.8,1.1984
126,145.5,1.154761905
123,141.7,1.15203252
121,129.6,1.07107438
130,126.3,0.971538462
127,127.8,1.006299213
123,123.5,1.004065041
128,135.6,1.059375
120,129.3,1.0775
121,138.5,1.144628099
120,132.6,1.105
123,138,1.12195122
124,138.6,1.117741935
124,135.5,1.092741935
121,120.7,0.997520661
124,131.1,1.057258065
128,133.4,1.0421875
122,138.8,1.137704918
123,98.2,0.798373984
125,99.9,0.7992
120,96,0.8
129,113.7,0.881395349
129,111.9,0.86744186
125,98.5,0.788
125,109,0.872
124,114.4,0.922580645
123,105.4,0.856910569
125,106.3,0.8504
114,163.9,1.437719298
119,161.5,1.357142857
117,179.2,1.531623932
116,176.5,1.521551724
112,172.3,1.538392857
118,165.6,1.403389831
120,164.2,1.368333333
114,166.1,1.457017544
118,163.4,1.384745763
119,168.4,1.41512605
120,142.6,1.188333333
117,140.9,1.204273504
112,150.1,1.340178571
118,149.5,1.266949153
111,149.9,1.35045045
114,145.7,1.278070175
111,141.3,1.272972973
118,159.4,1.350847458
114,143.1,1.255263158
119,141.2,1.186554622
116,154.7,1.33362069
113,148.2,1.311504425
117,157.7,1.347863248
118,159.9,1.355084746
110,142.8,1.298181818
112,154.8,1.382142857
120,151.7,1.264166667
116,150.3,1.295689655
114,142.9,1.253508772
118,148.9,1.261864407
115,147.1,1.279130435
113,150.4,1.330973451
111,158.4,1.427027027
118,148.5,1.258474576
114,143.8,1.261403509
112,144.6,1.291071429
115,144.7,1.25826087
111,142,1.279279279
118,158.7,1.344915254
117,157.7,1.347863248
113,107.9,0.954867257
118,116.2,0.984745763
114,114.8,1.007017544
112,101.9,0.909821429
117,118.4,1.011965812
117,100.3,0.857264957
113,114.5,1.013274336
117,106.8,0.912820513
112,105.7,0.94375
111,115.2,1.037837838
110,121.6,1.105454545
112,120.5,1.075892857
113,133.8,1.184070796
109,118.2,1.08440367
108,126.6,1.172222222
107,132.6,1.239252336
101,123.5,1.222772277
110,127.8,1.161818182
109,126,1.155963303
106,120.1,1.133018868
108,106.2,0.983333333
106,115.1,1.085849057
101,115.8,1.146534653
106,117.5,1.108490566
110,103.7,0.942727273
103,136.5,1.325242718
106,133.9,1.263207547
101,133.9,1.325742574
103,138.7,1.346601942
109,135.8,1.24587156
148,210.7,1.423648649
148,210.1,1.419594595
146,213.7,1.46369863
149,209.2,1.404026846
150,213.5,1.423333333
146,207.4,1.420547945
147,207,1.408163265
149,202.1,1.356375839
150,207.6,1.384
140,203.3,1.452142857
144,199.1,1.382638889
144,196,1.361111111
142,190.7,1.342957746
148,197.7,1.335810811
141,199.3,1.413475177
133,194.3,1.460902256
131,199.2,1.520610687
137,196.3,1.432846715
130,198.9,1.53
138,196.2,1.42173913
138,215.2,1.55942029
134,211.7,1.579850746
135,209.7,1.553333333
137,209.8,1.531386861
134,206.3,1.539552239
104,101.1,0.972115385
102,100.5,0.985294118
100,108.4,1.084
105,94.8,0.902857143
104,101.9,0.979807692
123,217,1.764227642
123,210.3,1.709756098
123,212.4,1.726829268
122,211.6,1.73442623
123,214.5,1.743902439
123,219.9,1.787804878
124,216,1.741935484
121,218.1,1.802479339
122,210.4,1.724590164
120,214,1.783333333
128,235.5,1.83984375
127,229.1,1.803937008
129,221.2,1.714728682
128,236.2,1.8453125
130,239.8,1.844615385
125,233.6,1.8688
128,229,1.7890625
130,239.8,1.844615385
127,226.2,1.781102362
127,232,1.826771654
138,222.1,1.60942029
142,235,1.654929577
143,219.1,1.532167832
147,221.2,1.504761905
142,238.2,1.677464789
141,226.9,1.609219858
148,220.4,1.489189189
140,237.4,1.695714286
136,221.2,1.626470588
137,220.8,1.611678832
139,229.6,1.651798561
149,227.1,1.524161074
144,227.1,1.577083333
149,222,1.489932886
143,218.1,1.525174825
141,228,1.617021277
145,239.5,1.651724138
141,231.5,1.641843972
142,228.4,1.608450704
150,236,1.573333333
145,225.8,1.557241379
148,224.9,1.519594595
149,229.2,1.538255034
145,238.3,1.643448276
147,234.8,1.597278912
141,223.2,1.582978723
143,225.6,1.577622378
139,221.3,1.592086331
148,232.6,1.571621622
145,230.4,1.588965517
131,223,1.702290076
132,209.8,1.589393939
134,234.6,1.750746269
128,224.1,1.75078125
132,226.3,1.714393939
131,242.6,1.851908397
128,211.1,1.64921875
130,240.5,1.85
131,230.3,1.758015267
132,224,1.696969697
119,197.3,1.657983193
124,197,1.588709677
122,189.7,1.554918033
112,200.7,1.791964286
121,191.9,1.585950413
116,196.2,1.69137931
125,198.9,1.5912
114,185.9,1.630701754
116,186.4,1.606896552
115,189.3,1.646086957
118,206.6,1.750847458
118,206.1,1.746610169
112,206.1,1.840178571
127,191.9,1.511023622
122,192.9,1.581147541
120,201.7,1.680833333
112,200,1.785714286
111,205,1.846846847
130,191.9,1.476153846
119,188.5,1.584033613
104,176.8,1.7
105,144.6,1.377142857
106,143.7,1.355660377
107,179.5,1.677570093
101,191.1,1.892079208
109,159,1.458715596
105,153.6,1.462857143
108,175.8,1.627777778
101,192.3,1.903960396
102,156.6,1.535294118
101,168.7,1.67029703
108,160.1,1.482407407
102,167.4,1.641176471
103,162.6,1.578640777
106,162.7,1.53490566
107,193.5,1.808411215
106,186,1.754716981
105,193.3,1.840952381
111,194.3,1.75045045
110,195.2,1.774545455
17,217.6,12.8
260,64.5,0.248076923
148,295.1,1.993918919
253,191.7,0.75770751
257,51.8,0.20155642
185,54.2,0.292972973
114,92.8,0.814035088
120,138.7,1.155833333
199,59.5,0.298994975
221,291.6,1.319457014
51,264.5,5.18627451
155,244.4,1.576774194
240,243.3,1.01375
152,195.6,1.286842105
253,59.4,0.234782609
102,195.4,1.915686275
7,175.3,25.04285714
194,274.3,1.413917526
196,216.3,1.103571429
186,220.5,1.185483871
35,289.5,8.271428571
22,245.5,11.15909091
59,175,2.966101695
7,162.5,23.21428571
87,168.3,1.934482759
228,124.1,0.544298246
286,206,0.72027972
286,112,0.391608392
4,59.1,14.775
200,210,1.05
194,121.7,0.627319588
46,123.8,2.691304348
69,96.5,1.398550725
297,192.7,0.648821549
259,242.2,0.935135135
281,298.4,1.061921708
141,177.9,1.261702128
30,64.9,2.163333333
167,197.8,1.184431138
216,86,0.398148148
182,269.4,1.48021978
77,95.5,1.24025974
70,124.6,1.78
157,89.3,0.568789809
220,153.7,0.698636364
269,123.7,0.459851301
283,284.6,1.00565371
148,218.3,1.475
101,159.4,1.578217822
264,120.8,0.457575758
209,168.2,0.804784689
147,115.6,0.786394558
293,223.2,0.761774744
253,99.1,0.391699605
47,76.7,1.631914894
279,138.5,0.496415771
103,68.5,0.665048544
82,217.8,2.656097561
299,153.4,0.513043478
202,226.8,1.122772277
266,283.3,1.065037594
79,189.3,2.396202532
171,182.8,1.069005848
282,146.7,0.520212766
123,85.8,0.697560976
13,197,15.15384615
220,184.1,0.836818182
57,232.8,4.084210526
220,119.4,0.542727273
38,111.7,2.939473684
80,299.7,3.74625
284,154.8,0.545070423
256,207.2,0.809375
176,211.6,1.202272727
186,203.2,1.092473118
266,299.4,1.12556391
64,191.8,2.996875
53,169,3.188679245
132,67.2,0.509090909
190,217.6,1.145263158
244,247.4,1.013934426
180,61.6,0.342222222
258,154.5,0.598837209
254,170,0.669291339
26,172.2,6.623076923
208,50.6,0.243269231
120,127.2,1.06
87,100,1.149425287
196,164.7,0.840306122
159,156.7,0.985534591
133,295.9,2.22481203
70,139.4,1.991428571
120,283.8,2.365
202,108.9,0.539108911
260,192.1,0.738846154
157,270.8,1.724840764
52,148.6,2.857692308
153,279.4,1.826143791
194,77.2,0.397938144
25,215.1,8.604
287,186.6,0.650174216
80,204,2.55
85,197.1,2.318823529
61,80.3,1.316393443
95,99.5,1.047368421
66,192,2.909090909
230,223.8,0.973043478
39,164.7,4.223076923
152,169,1.111842105
199,181.8,0.913567839
118,152.9,1.295762712
248,281.5,1.135080645
41,291.6,7.112195122
136,234.3,1.722794118
81,238,2.938271605
7,275.9,39.41428571
187,166.2,0.888770053
299,276.2,0.923745819
88,133.1,1.5125
71,182.3,2.567605634
248,52.3,0.210887097
116,95.8,0.825862069
45,134.7,2.993333333
197,283.7,1.440101523
257,97.7,0.380155642
70,166.5,2.378571429
177,237.1,1.339548023
158,181.5,1.148734177
24,273.1,11.37916667
108,196.5,1.819444444
48,181.3,3.777083333
60,105.4,1.756666667
251,214.4,0.854183267
12,128.2,10.68333333
167,126.4,0.756886228
193,108.1,0.560103627
64,156.1,2.4390625
131,63.6,0.485496183
208,193.6,0.930769231
4,232.6,58.15
220,68.5,0.311363636
43,188.2,4.376744186
298,81.9,0.274832215
96,174.3,1.815625
175,206.8,1.181714286
39,232.2,5.953846154
190,191.4,1.007368421
240,78.4,0.326666667
87,213.5,2.454022989
275,96.7,0.351636364
